Algorithm,Hypervolume,RawHypervolume,SolutionCount
MOVNS,0.2848380306298397,6399863.7583,50
NSGA-II,0.16335249164224663,2841650.1681,74
